id,feedback,category,rating,sentiment,date
1,Best customer success team. Always responsive.,saas,4,positive,2026-02-15
2,Perfect product! Exactly as described. Very satisfied.,restaurant,4,positive,2026-02-16
3,Service was fine but nothing memorable.,saas,3,neutral,2026-02-13
4,Missing basic features that competitors have.,restaurant,1,negative,2026-01-21
5,Perfect product! Exactly as described. Very satisfied.,mobile_app,4,positive,2026-02-06
6,Interface is a bit dated but functional.,mobile_app,3,neutral,2026-02-15
7,Better than expected! Photos don't do it justice.,ecommerce,5,positive,2026-02-05
8,Online photos looked better than reality.,saas,3,neutral,2026-02-05
9,"Good for basic use, lacks advanced features.",saas,3,neutral,2026-01-18
10,"Hit or miss. Some dishes great, others mediocre.",restaurant,3,neutral,2026-02-09
11,No dark mode in 2024? Seriously?,saas,2,negative,2026-01-23
12,Notifications don't work. Missing important updates.,restaurant,1,negative,2026-01-17
13,Drinks were good but food was just average.,ecommerce,3,neutral,2026-02-13
14,Game changer for our team! Productivity increased significantly.,restaurant,4,positive,2026-01-31
15,Mobile app is basically unusable. Desktop only.,saas,2,negative,2026-01-19
16,Acceptable quality. Would shop here again if needed.,saas,3,neutral,2026-02-06
17,Interface is a bit dated but functional.,mobile_app,3,neutral,2026-01-26
18,Security features are top-notch. Feel safe using it.,restaurant,5,positive,2026-02-02
19,Fast service without feeling rushed. Perfect for lunch meetings.,ecommerce,4,positive,2026-01-18
20,Decent quality for the price point.,saas,3,neutral,2026-02-12
21,Best Italian food I've had in years. Will definitely return!,restaurant,4,positive,2026-02-02
22,Could be better optimized for tablets.,restaurant,3,neutral,2026-02-03
23,Absolutely delicious food! The pasta was perfectly cooked.,ecommerce,5,positive,2026-02-05
24,No ads in premium version. Totally worth it.,ecommerce,5,positive,2026-01-27
25,Could be better optimized for tablets.,mobile_app,3,neutral,2026-01-25
26,Works fine but could use some improvements.,saas,3,neutral,2026-01-19
27,Works as expected. Nothing special.,restaurant,3,neutral,2026-02-15
28,The tiramisu was heavenly! Best dessert in town.,mobile_app,5,positive,2026-02-16
29,Love the new app update! Interface is so much cleaner now.,restaurant,4,positive,2026-01-30
30,"Does what it promises. Nothing more, nothing less.",ecommerce,3,neutral,2026-02-04
31,"Food was okay, nothing special. Average experience.",ecommerce,3,neutral,2026-02-09
32,Worth the premium subscription. Best investment.,restaurant,4,positive,2026-02-03
33,Latest update broke everything. Reverting to old version.,ecommerce,1,negative,2026-02-16
34,Easy return process. No questions asked.,ecommerce,5,positive,2026-01-29
35,Sizing runs small. Had to return and reorder.,ecommerce,1,negative,2026-02-06
36,Accessibility features are well implemented.,saas,4,positive,2026-02-08
37,Food arrived cold. Very disappointing for the price.,ecommerce,1,negative,2026-02-09
38,Software crashes when handling large files. Unreliable.,saas,2,negative,2026-02-04
39,Better than expected! Photos don't do it justice.,ecommerce,4,positive,2026-02-16
40,Simple onboarding process. Started using immediately.,restaurant,4,positive,2026-02-01
41,Incredible wine selection. The sommelier's recommendations were spot on.,saas,5,positive,2026-01-20
42,Perfect product! Exactly as described. Very satisfied.,saas,4,positive,2026-02-10
43,Beautiful presentation and exquisite flavors. A true culinary experience.,ecommerce,5,positive,2026-01-18
44,Intuitive interface. Team adopted it with zero training.,ecommerce,4,positive,2026-02-05
45,"Product is okay, customer service could be better.",saas,3,neutral,2026-02-03
46,Decent quality for the price point.,saas,3,neutral,2026-02-08
47,Standard features. Nothing stands out.,ecommerce,3,neutral,2026-01-27
48,Easy return process. No questions asked.,restaurant,5,positive,2026-01-25
49,Decent quality for the price point.,mobile_app,3,neutral,2026-02-05
50,Online photos looked better than reality.,restaurant,3,neutral,2026-02-10
51,Meets basic expectations.,mobile_app,3,neutral,2026-02-05
52,"Free version is okay, not sure if premium is worth it.",restaurant,3,neutral,2026-02-05
53,Shipping took 3 weeks. Way too long.,restaurant,2,negative,2026-02-10
54,"Does what it promises. Nothing more, nothing less.",mobile_app,3,neutral,2026-02-11
55,"Battery efficient, doesn't drain my phone at all.",mobile_app,4,positive,2026-01-25
56,Absolutely delicious food! The pasta was perfectly cooked.,saas,4,positive,2026-02-11
57,Too expensive for small businesses. Pricing is unfair.,restaurant,1,negative,2026-01-30
58,Billing charged us twice. Still waiting for refund.,ecommerce,2,negative,2026-01-20
59,Online photos looked better than reality.,saas,3,neutral,2026-01-26
60,Reservation system is broken. Total chaos at the entrance.,saas,2,negative,2026-02-16
61,Missing parts in the package. Incomplete order.,mobile_app,2,negative,2026-02-15
62,Meets basic expectations.,restaurant,3,neutral,2026-02-03
63,Decent quality for the price point.,mobile_app,3,neutral,2026-01-22
64,Dirty tables and bathroom. Hygiene is questionable.,restaurant,2,negative,2026-01-30
65,Intuitive interface. Team adopted it with zero training.,mobile_app,4,positive,2026-02-11
66,Not bad but not amazing either.,ecommerce,3,neutral,2026-01-27
67,Great value for money. Highly recommend!,ecommerce,5,positive,2026-01-26
68,Offline mode works flawlessly. Perfect for travel.,restaurant,4,positive,2026-02-14
69,Easy return process. No questions asked.,mobile_app,5,positive,2026-02-04
70,Scales well as our company grows.,ecommerce,4,positive,2026-01-18
71,Missing basic features that competitors have.,ecommerce,2,negative,2026-01-28
72,Not bad but not amazing either.,ecommerce,3,neutral,2026-01-26
73,Missing basic features that competitors have.,ecommerce,1,negative,2026-02-01
74,"Some features work great, others are buggy.",saas,3,neutral,2026-02-10
75,Best productivity app I've ever used. Changed my workflow!,mobile_app,5,positive,2026-01-31
76,"Clean, modern decor with a cozy atmosphere. Loved it!",saas,5,positive,2026-02-16
77,Simple onboarding process. Started using immediately.,ecommerce,5,positive,2026-02-01
78,Scales well as our company grows.,saas,5,positive,2026-02-03
79,Software crashes when handling large files. Unreliable.,mobile_app,2,negative,2026-01-30
80,API is well-documented. Easy to integrate.,ecommerce,4,positive,2026-02-07
81,Standard fare. Would go back if in the area.,saas,3,neutral,2026-01-28
82,Performance is incredibly slow. Times out constantly.,restaurant,2,negative,2026-01-27
83,Performance is incredibly slow. Times out constantly.,ecommerce,1,negative,2026-01-24
84,The ambiance was perfect for our anniversary. Highly recommend!,mobile_app,4,positive,2026-01-29
85,Terrible UI/UX. Takes forever to do simple tasks.,restaurant,1,negative,2026-01-18
86,Good location but food could be better.,mobile_app,3,neutral,2026-01-25
87,Security features are top-notch. Feel safe using it.,restaurant,4,positive,2026-02-03
88,Portions are getting smaller while prices go up.,restaurant,2,negative,2026-01-18
89,Latest update broke everything. Reverting to old version.,ecommerce,1,negative,2026-01-22
90,Learning curve is too steep. Team hates using it.,ecommerce,2,negative,2026-01-24
91,"Battery efficient, doesn't drain my phone at all.",restaurant,4,positive,2026-01-22
92,API is well-documented. Easy to integrate.,mobile_app,5,positive,2026-01-18
93,Decent Italian food for the price point.,ecommerce,3,neutral,2026-02-11
94,Mobile app is basically unusable. Desktop only.,restaurant,2,negative,2026-01-28
95,Refund process is nightmare. Still waiting after 4 weeks.,mobile_app,1,negative,2026-01-25
96,Average performance on older devices.,mobile_app,3,neutral,2026-01-30
97,Way too expensive for what it offers. Not worth the money.,saas,1,negative,2026-01-18
98,Simple onboarding process. Started using immediately.,mobile_app,4,positive,2026-02-04
99,The steak was undercooked and had to be sent back.,saas,1,negative,2026-01-18
100,Best customer success team. Always responsive.,saas,4,positive,2026-01-25
101,Notifications don't work. Missing important updates.,ecommerce,2,negative,2026-02-06
102,Learning to use it. Has potential.,mobile_app,3,neutral,2026-02-15
103,Integration with other tools works seamlessly.,restaurant,4,positive,2026-02-07
104,Excellent quality for the price. Will buy again.,restaurant,4,positive,2026-01-25
105,Performance is incredibly slow. Times out constantly.,ecommerce,1,negative,2026-02-07
106,Learning to use it. Has potential.,ecommerce,3,neutral,2026-01-28
107,No dark mode in 2024? Seriously?,saas,1,negative,2026-01-17
108,Online photos looked better than reality.,restaurant,3,neutral,2026-02-07
109,Refund process is nightmare. Still waiting after 4 weeks.,ecommerce,2,negative,2026-02-12
110,Syncs perfectly across all my devices. Flawless!,restaurant,5,positive,2026-02-02
111,"Fair pricing, average quality.",saas,3,neutral,2026-01-24
112,Better than expected! Photos don't do it justice.,saas,5,positive,2026-01-17
113,Learning to use it. Has potential.,saas,3,neutral,2026-01-23
114,Uptime is excellent. Never had downtime issues.,saas,5,positive,2026-02-16
115,Okay product. Gets the job done.,restaurant,3,neutral,2026-01-24
116,The ambiance was perfect for our anniversary. Highly recommend!,saas,4,positive,2026-02-10
117,Uptime is excellent. Never had downtime issues.,ecommerce,4,positive,2026-02-16
118,Best Italian food I've had in years. Will definitely return!,ecommerce,5,positive,2026-02-03
119,No ads in premium version. Totally worth it.,mobile_app,5,positive,2026-02-02
120,Product broke after 2 weeks. Terrible quality.,ecommerce,2,negative,2026-01-18
121,Nothing like the photos. Completely misleading.,restaurant,2,negative,2026-01-31
122,Incredible wine selection. The sommelier's recommendations were spot on.,ecommerce,5,positive,2026-02-09
123,Accessibility features are well implemented.,ecommerce,5,positive,2026-02-08
124,Packaging was secure. Product arrived in perfect condition.,mobile_app,4,positive,2026-02-04
125,Easy return process. No questions asked.,saas,5,positive,2026-01-27
126,Beautiful presentation and exquisite flavors. A true culinary experience.,ecommerce,5,positive,2026-01-19
127,Packaging was secure. Product arrived in perfect condition.,restaurant,4,positive,2026-02-08
128,Beautiful presentation and exquisite flavors. A true culinary experience.,mobile_app,4,positive,2026-02-14
129,Notifications don't work. Missing important updates.,ecommerce,2,negative,2026-02-04
130,Food arrived cold. Very disappointing for the price.,ecommerce,1,negative,2026-02-05
131,Uptime is excellent. Never had downtime issues.,ecommerce,4,positive,2026-01-29
132,"Good for basic use, lacks advanced features.",mobile_app,3,neutral,2026-01-20
133,Decent app but competitors offer more features.,ecommerce,3,neutral,2026-01-17
134,The steak was undercooked and had to be sent back.,restaurant,1,negative,2026-01-18
135,Absolutely delicious food! The pasta was perfectly cooked.,saas,5,positive,2026-01-30
136,Best Italian food I've had in years. Will definitely return!,mobile_app,4,positive,2026-02-07
137,Notifications don't work. Missing important updates.,saas,1,negative,2026-01-29
138,Packaging was secure. Product arrived in perfect condition.,restaurant,5,positive,2026-02-08
139,Good enough for now but looking at competitors.,saas,3,neutral,2026-02-07
140,Freezes constantly. Have to force quit multiple times.,ecommerce,2,negative,2026-01-24
141,Customer service never responded to my emails.,mobile_app,1,negative,2026-01-21
142,Good enough for now but looking at competitors.,ecommerce,3,neutral,2026-01-30
143,Durable and well-made. Worth every penny.,restaurant,4,positive,2026-02-06
144,Standard product. No surprises good or bad.,saas,3,neutral,2026-01-17
145,Beautiful presentation and exquisite flavors. A true culinary experience.,mobile_app,5,positive,2026-02-12
146,Could be better optimized for tablets.,ecommerce,3,neutral,2026-02-01
147,Acceptable quality. Would shop here again if needed.,mobile_app,3,neutral,2026-01-31
148,Worth the premium subscription. Best investment.,mobile_app,4,positive,2026-01-26
149,Could be better optimized for tablets.,saas,3,neutral,2026-02-01
150,Shipping was on time. Product is average.,mobile_app,3,neutral,2026-01-19
151,"Does what it promises. Nothing more, nothing less.",mobile_app,3,neutral,2026-01-23
152,"Clean UI design, very easy to navigate.",saas,4,positive,2026-01-31
153,Beautiful presentation and exquisite flavors. A true culinary experience.,saas,5,positive,2026-01-17
154,Uptime is excellent. Never had downtime issues.,restaurant,5,positive,2026-01-22
155,"Hit or miss. Some dishes great, others mediocre.",saas,3,neutral,2026-01-27
156,Forced updates broke our workflows. Frustrating.,saas,2,negative,2026-01-28
157,Regular updates with features we actually need.,restaurant,5,positive,2026-02-02
158,Easy return process. No questions asked.,restaurant,5,positive,2026-01-31
159,Incredible wine selection. The sommelier's recommendations were spot on.,ecommerce,4,positive,2026-02-08
160,Excellent quality for the price. Will buy again.,restaurant,5,positive,2026-02-15
161,Meets basic expectations.,restaurant,3,neutral,2026-02-03
162,Sizing runs small. Had to return and reorder.,restaurant,2,negative,2026-02-11
163,Pricing is okay. Not sure if best value though.,saas,3,neutral,2026-01-23
164,"Acceptable for a quick bite, not for special occasions.",restaurant,3,neutral,2026-01-23
165,Service was extremely slow. Had to ask for water multiple times.,saas,1,negative,2026-02-06
166,Durable and well-made. Worth every penny.,saas,4,positive,2026-02-16
167,Perfect product! Exactly as described. Very satisfied.,restaurant,5,positive,2026-02-02
168,"Acceptable for a quick bite, not for special occasions.",ecommerce,3,neutral,2026-02-08
169,Best Italian food I've had in years. Will definitely return!,restaurant,5,positive,2026-01-17
170,Easy return process. No questions asked.,mobile_app,5,positive,2026-02-02
171,"Amazing service, our waiter was incredibly attentive.",restaurant,5,positive,2026-01-27
172,"Free version is okay, not sure if premium is worth it.",ecommerce,3,neutral,2026-02-10
173,"Clean, modern decor with a cozy atmosphere. Loved it!",saas,5,positive,2026-01-20
174,Cheap materials. Not worth the price at all.,ecommerce,2,negative,2026-02-13
175,Terrible UI/UX. Takes forever to do simple tasks.,mobile_app,2,negative,2026-02-03
176,Forced updates broke our workflows. Frustrating.,mobile_app,1,negative,2026-01-22
177,"Good for basic use, lacks advanced features.",ecommerce,3,neutral,2026-02-02
178,"Hit or miss. Some dishes great, others mediocre.",restaurant,3,neutral,2026-01-29
179,Decent quality for the price point.,restaurant,3,neutral,2026-01-22
180,App crashes every time I try to upload a photo.,restaurant,2,negative,2026-01-17
181,"Some features work great, others are buggy.",saas,3,neutral,2026-02-02
182,Interface is a bit dated but functional.,ecommerce,3,neutral,2026-02-15
183,Worth the premium subscription. Best investment.,saas,5,positive,2026-02-14
184,"Amazing service, our waiter was incredibly attentive.",restaurant,5,positive,2026-02-02
185,Good enough for now but looking at competitors.,ecommerce,3,neutral,2026-01-20
186,Incredible wine selection. The sommelier's recommendations were spot on.,ecommerce,5,positive,2026-01-31
187,Fast shipping! Arrived earlier than expected.,mobile_app,5,positive,2026-01-31
188,"Battery efficient, doesn't drain my phone at all.",saas,5,positive,2026-02-13
189,Offline mode works flawlessly. Perfect for travel.,saas,4,positive,2026-01-31
190,"Hit or miss. Some dishes great, others mediocre.",saas,3,neutral,2026-01-20
191,Scales well as our company grows.,saas,4,positive,2026-02-15
192,Fair pricing. Average delivery time.,saas,3,neutral,2026-01-26
193,"Hit or miss. Some dishes great, others mediocre.",mobile_app,3,neutral,2026-02-06
194,Great value for money. Highly recommend!,ecommerce,4,positive,2026-02-06
195,Permissions system is confusing and limited.,saas,2,negative,2026-01-29
196,Notifications don't work. Missing important updates.,mobile_app,1,negative,2026-02-04
197,"Hit or miss. Some dishes great, others mediocre.",ecommerce,3,neutral,2026-01-30
198,"Fair pricing, average quality.",mobile_app,3,neutral,2026-01-25
199,Export feature doesn't work. Lost all my data.,mobile_app,2,negative,2026-01-27
200,Reservation system is broken. Total chaos at the entrance.,ecommerce,1,negative,2026-02-07
201,Packaging was secure. Product arrived in perfect condition.,mobile_app,4,positive,2026-01-22
202,Cheap materials. Not worth the price at all.,saas,2,negative,2026-02-03
203,Excellent quality for the price. Will buy again.,mobile_app,5,positive,2026-01-28
204,Beautiful presentation and exquisite flavors. A true culinary experience.,saas,5,positive,2026-01-25
205,Too expensive for small businesses. Pricing is unfair.,ecommerce,1,negative,2026-02-12
206,Security features are top-notch. Feel safe using it.,ecommerce,4,positive,2026-01-20
207,Could be better optimized for tablets.,ecommerce,3,neutral,2026-01-20
208,"Amazing service, our waiter was incredibly attentive.",ecommerce,5,positive,2026-01-18
209,Scales well as our company grows.,ecommerce,5,positive,2026-01-31
210,Standard product. No surprises good or bad.,saas,3,neutral,2026-02-06
211,Customer support was amazing. Solved my issue in 5 minutes.,restaurant,5,positive,2026-02-12
212,Beautiful color. Exactly as shown in pictures.,saas,4,positive,2026-02-12
213,Dirty tables and bathroom. Hygiene is questionable.,ecommerce,1,negative,2026-01-20
214,Scales well as our company grows.,ecommerce,5,positive,2026-01-22
215,Software crashes when handling large files. Unreliable.,saas,1,negative,2026-02-01
216,"Good for basic use, lacks advanced features.",saas,3,neutral,2026-01-26
217,"Hit or miss. Some dishes great, others mediocre.",mobile_app,3,neutral,2026-01-18
218,Reservation system is broken. Total chaos at the entrance.,mobile_app,2,negative,2026-02-06
219,Decent app but competitors offer more features.,restaurant,3,neutral,2026-02-01
220,Incredible wine selection. The sommelier's recommendations were spot on.,ecommerce,4,positive,2026-02-02
221,Better than expected! Photos don't do it justice.,saas,4,positive,2026-02-11
222,Interface is a bit dated but functional.,saas,3,neutral,2026-02-12
223,Permissions system is confusing and limited.,saas,1,negative,2026-02-10
224,Average software. Considering alternatives.,mobile_app,3,neutral,2026-01-17
225,Color exactly matches the website photos.,restaurant,4,positive,2026-02-09
226,Decent Italian food for the price point.,saas,3,neutral,2026-01-27
227,Perfect product! Exactly as described. Very satisfied.,mobile_app,4,positive,2026-02-16
228,Online photos looked better than reality.,mobile_app,3,neutral,2026-02-10
229,Missing parts in the package. Incomplete order.,restaurant,2,negative,2026-02-14
230,Pricing is okay. Not sure if best value though.,mobile_app,3,neutral,2026-02-11
231,Portions are getting smaller while prices go up.,ecommerce,2,negative,2026-01-28
232,Export feature doesn't work. Lost all my data.,mobile_app,2,negative,2026-02-03
233,Offline mode works flawlessly. Perfect for travel.,saas,5,positive,2026-01-18
234,The ambiance was perfect for our anniversary. Highly recommend!,saas,4,positive,2026-01-20
235,Drinks were good but food was just average.,mobile_app,3,neutral,2026-01-25
236,Arrived damaged. Poor packaging.,ecommerce,1,negative,2026-02-02
237,Love the new app update! Interface is so much cleaner now.,restaurant,4,positive,2026-01-25
238,Dirty tables and bathroom. Hygiene is questionable.,ecommerce,1,negative,2026-02-01
239,Okay product. Gets the job done.,ecommerce,3,neutral,2026-02-15
240,"Clean UI design, very easy to navigate.",ecommerce,5,positive,2026-01-30
241,Beautiful color. Exactly as shown in pictures.,saas,4,positive,2026-02-02
242,Acceptable quality. Would shop here again if needed.,restaurant,3,neutral,2026-01-26
243,Good location but food could be better.,restaurant,3,neutral,2026-01-19
244,Perfect product! Exactly as described. Very satisfied.,restaurant,5,positive,2026-01-31
245,Fast service without feeling rushed. Perfect for lunch meetings.,mobile_app,5,positive,2026-01-31
246,"Battery efficient, doesn't drain my phone at all.",restaurant,5,positive,2026-01-19
247,Perfect product! Exactly as described. Very satisfied.,restaurant,5,positive,2026-02-04
248,Fast service without feeling rushed. Perfect for lunch meetings.,restaurant,5,positive,2026-02-09
249,Acceptable quality. Would shop here again if needed.,ecommerce,3,neutral,2026-02-05
250,Intuitive interface. Team adopted it with zero training.,mobile_app,4,positive,2026-02-06
251,The ambiance was perfect for our anniversary. Highly recommend!,ecommerce,5,positive,2026-01-26
252,Shipping was on time. Product is average.,restaurant,3,neutral,2026-02-01
253,Export feature doesn't work. Lost all my data.,restaurant,2,negative,2026-01-31
254,Worth the premium subscription. Best investment.,restaurant,5,positive,2026-02-06
255,Missing parts in the package. Incomplete order.,restaurant,1,negative,2026-01-28
256,Food arrived cold. Very disappointing for the price.,ecommerce,2,negative,2026-01-23
257,"Clean, modern decor with a cozy atmosphere. Loved it!",mobile_app,4,positive,2026-02-01
258,Service was extremely slow. Had to ask for water multiple times.,restaurant,1,negative,2026-02-04
259,"Good for basic use, lacks advanced features.",saas,3,neutral,2026-01-27
260,Cheap materials. Not worth the price at all.,saas,1,negative,2026-01-18
261,"Fair pricing, average quality.",restaurant,3,neutral,2026-02-07
262,Meets basic expectations.,ecommerce,3,neutral,2026-01-18
263,The steak was undercooked and had to be sent back.,saas,1,negative,2026-01-19
264,Integration with other tools works seamlessly.,ecommerce,5,positive,2026-02-10
265,Software crashes when handling large files. Unreliable.,mobile_app,1,negative,2026-01-17
266,"Fresh ingredients, generous portions. Worth every penny.",restaurant,5,positive,2026-02-07
267,Standard product. No surprises good or bad.,saas,3,neutral,2026-01-30
268,Customer service never responded to my emails.,ecommerce,2,negative,2026-02-10
269,Accessibility features are well implemented.,mobile_app,5,positive,2026-02-02
270,Okay product. Gets the job done.,mobile_app,3,neutral,2026-02-15
271,Drains battery like crazy. Phone dies in 3 hours.,saas,1,negative,2026-02-13
272,Too expensive for small businesses. Pricing is unfair.,restaurant,2,negative,2026-02-12
273,App crashes every time I try to upload a photo.,mobile_app,2,negative,2026-01-28
274,"Fair pricing, average quality.",restaurant,3,neutral,2026-01-25
275,"Clean, modern decor with a cozy atmosphere. Loved it!",saas,5,positive,2026-01-24
276,Works as expected. Nothing special.,saas,3,neutral,2026-02-04
277,Offline mode works flawlessly. Perfect for travel.,restaurant,4,positive,2026-02-01
278,Meets basic expectations.,restaurant,3,neutral,2026-02-05
279,Sizing runs small. Had to return and reorder.,mobile_app,1,negative,2026-01-28
280,Best Italian food I've had in years. Will definitely return!,mobile_app,5,positive,2026-02-01
281,Accessibility features are well implemented.,mobile_app,5,positive,2026-01-21
282,Better than expected! Photos don't do it justice.,mobile_app,4,positive,2026-01-20
283,Simple onboarding process. Started using immediately.,mobile_app,5,positive,2026-01-31
284,Waited 45 minutes for our table despite having a reservation.,saas,2,negative,2026-01-20
285,"Fair pricing, average quality.",restaurant,3,neutral,2026-01-25
286,Beautiful color. Exactly as shown in pictures.,restaurant,4,positive,2026-01-29
287,Uptime is excellent. Never had downtime issues.,ecommerce,4,positive,2026-02-06
288,Missing basic features that competitors have.,mobile_app,1,negative,2026-02-10
289,Terrible UI/UX. Takes forever to do simple tasks.,mobile_app,1,negative,2026-01-22
290,Easy return process. No questions asked.,ecommerce,4,positive,2026-01-21
291,Decent app but competitors offer more features.,saas,3,neutral,2026-02-03
292,Uptime is excellent. Never had downtime issues.,ecommerce,5,positive,2026-01-19
293,Integration with other tools works seamlessly.,restaurant,5,positive,2026-02-15
294,Customer service never responded to my emails.,mobile_app,2,negative,2026-02-02
295,Regular updates with features we actually need.,saas,5,positive,2026-01-20
296,"Some features work great, others are buggy.",restaurant,3,neutral,2026-01-27
297,"Battery efficient, doesn't drain my phone at all.",saas,4,positive,2026-02-14
298,Scales well as our company grows.,restaurant,5,positive,2026-02-07
299,Refund process is nightmare. Still waiting after 4 weeks.,ecommerce,2,negative,2026-02-07
300,"Product is okay, customer service could be better.",ecommerce,3,neutral,2026-01-30
301,Fair pricing. Average delivery time.,restaurant,3,neutral,2026-01-31
302,Sizing runs small. Had to return and reorder.,mobile_app,1,negative,2026-01-29
303,Color exactly matches the website photos.,saas,5,positive,2026-01-20
304,API is well-documented. Easy to integrate.,mobile_app,4,positive,2026-01-22
305,Acceptable quality. Would shop here again if needed.,restaurant,3,neutral,2026-02-01
306,Portions are getting smaller while prices go up.,restaurant,1,negative,2026-01-31
307,Better than expected! Photos don't do it justice.,saas,4,positive,2026-02-09
308,Works fine but could use some improvements.,saas,3,neutral,2026-02-13
309,Permissions system is confusing and limited.,mobile_app,1,negative,2026-02-02
310,"Fair pricing, average quality.",restaurant,3,neutral,2026-02-04
311,Meets basic expectations.,mobile_app,3,neutral,2026-02-11
312,Waited 45 minutes for our table despite having a reservation.,saas,1,negative,2026-02-01
313,Decent Italian food for the price point.,ecommerce,3,neutral,2026-01-28
314,"Product is okay, customer service could be better.",saas,3,neutral,2026-01-18
315,Food arrived cold. Very disappointing for the price.,restaurant,2,negative,2026-01-20
316,Absolutely delicious food! The pasta was perfectly cooked.,ecommerce,4,positive,2026-01-31
317,Product broke after 2 weeks. Terrible quality.,saas,2,negative,2026-02-07
318,Great value for money. Highly recommend!,restaurant,5,positive,2026-01-28
319,"Food was okay, nothing special. Average experience.",mobile_app,3,neutral,2026-01-22
320,API is well-documented. Easy to integrate.,restaurant,4,positive,2026-02-05
321,Fast service without feeling rushed. Perfect for lunch meetings.,restaurant,5,positive,2026-02-10
322,Noisy and cramped. Could barely have a conversation.,restaurant,1,negative,2026-01-30
323,Meets basic expectations.,saas,3,neutral,2026-02-15
324,Latest update broke everything. Reverting to old version.,ecommerce,1,negative,2026-02-12
325,Simple onboarding process. Started using immediately.,mobile_app,4,positive,2026-02-14
326,Constant bugs and glitches. Very frustrating.,restaurant,1,negative,2026-02-10
327,Too expensive for small businesses. Pricing is unfair.,restaurant,2,negative,2026-01-31
328,"Good for basic use, lacks advanced features.",mobile_app,3,neutral,2026-02-11
329,Missing parts in the package. Incomplete order.,restaurant,1,negative,2026-02-08
330,"Battery efficient, doesn't drain my phone at all.",ecommerce,4,positive,2026-01-30
331,Security features are top-notch. Feel safe using it.,ecommerce,5,positive,2026-02-14
332,Better than expected! Photos don't do it justice.,ecommerce,5,positive,2026-02-04
333,Works fine but could use some improvements.,mobile_app,3,neutral,2026-01-28
334,Shipping was on time. Product is average.,mobile_app,3,neutral,2026-01-29
335,Decent Italian food for the price point.,mobile_app,3,neutral,2026-01-18
336,"Good for basic use, lacks advanced features.",saas,3,neutral,2026-01-21
337,Customer service never responded to my emails.,restaurant,2,negative,2026-02-14
338,Sizing runs small. Had to return and reorder.,mobile_app,1,negative,2026-02-16
339,Perfect product! Exactly as described. Very satisfied.,ecommerce,4,positive,2026-02-11
340,"Fair pricing, average quality.",mobile_app,3,neutral,2026-02-11
341,Learning curve is too steep. Team hates using it.,ecommerce,1,negative,2026-01-19
342,Notifications don't work. Missing important updates.,saas,1,negative,2026-02-07
343,Constant bugs and glitches. Very frustrating.,restaurant,2,negative,2026-01-26
344,Works fine but could use some improvements.,mobile_app,3,neutral,2026-01-17
345,No ads in premium version. Totally worth it.,mobile_app,5,positive,2026-02-04
346,"Fresh ingredients, generous portions. Worth every penny.",ecommerce,5,positive,2026-02-07
347,The steak was undercooked and had to be sent back.,restaurant,1,negative,2026-02-14
348,Standard fare. Would go back if in the area.,mobile_app,3,neutral,2026-02-02
349,"Hit or miss. Some dishes great, others mediocre.",mobile_app,3,neutral,2026-01-28
350,Color was completely different from website.,ecommerce,2,negative,2026-02-15
351,"Amazing service, our waiter was incredibly attentive.",ecommerce,4,positive,2026-01-30
352,Arrived damaged. Poor packaging.,ecommerce,2,negative,2026-02-12
353,Intuitive interface. Team adopted it with zero training.,mobile_app,4,positive,2026-02-08
354,Color was completely different from website.,ecommerce,2,negative,2026-01-29
355,Color exactly matches the website photos.,mobile_app,5,positive,2026-01-19
356,The tiramisu was heavenly! Best dessert in town.,restaurant,4,positive,2026-02-02
357,Best Italian food I've had in years. Will definitely return!,restaurant,5,positive,2026-02-05
358,Way too expensive for what it offers. Not worth the money.,saas,1,negative,2026-01-29
359,App crashes every time I try to upload a photo.,restaurant,1,negative,2026-02-06
360,Could be better optimized for tablets.,mobile_app,3,neutral,2026-01-25
361,Shipping took 3 weeks. Way too long.,restaurant,2,negative,2026-02-06
362,"Battery efficient, doesn't drain my phone at all.",restaurant,4,positive,2026-01-17
363,Scales well as our company grows.,restaurant,4,positive,2026-02-10
364,Customer support takes weeks to respond. Terrible.,ecommerce,1,negative,2026-01-23
365,Customer service never responded to my emails.,restaurant,1,negative,2026-02-11
366,Performance is incredibly slow. Times out constantly.,restaurant,1,negative,2026-02-09
367,Color exactly matches the website photos.,saas,4,positive,2026-02-16
368,"Hit or miss. Some dishes great, others mediocre.",saas,3,neutral,2026-01-17
369,Shipping took 3 weeks. Way too long.,saas,1,negative,2026-01-24
370,Accessibility features are well implemented.,restaurant,5,positive,2026-02-13
371,Meets basic expectations.,restaurant,3,neutral,2026-02-11
372,Drains battery like crazy. Phone dies in 3 hours.,restaurant,1,negative,2026-02-14
373,Food arrived cold. Very disappointing for the price.,mobile_app,2,negative,2026-01-31
374,Okay product. Gets the job done.,saas,3,neutral,2026-01-20
375,"Clean, modern decor with a cozy atmosphere. Loved it!",saas,5,positive,2026-01-22
376,Missing basic features that competitors have.,saas,1,negative,2026-01-29
377,Fast service without feeling rushed. Perfect for lunch meetings.,ecommerce,4,positive,2026-01-19
378,Security features are top-notch. Feel safe using it.,saas,4,positive,2026-02-02
379,Accessibility features are well implemented.,mobile_app,4,positive,2026-01-21
380,Software crashes when handling large files. Unreliable.,ecommerce,1,negative,2026-01-19
381,No dark mode in 2024? Seriously?,saas,2,negative,2026-01-30
382,Simple onboarding process. Started using immediately.,mobile_app,5,positive,2026-01-30
383,Customer support was amazing. Solved my issue in 5 minutes.,restaurant,4,positive,2026-01-31
384,Integration with other tools works seamlessly.,mobile_app,4,positive,2026-01-28
385,"Fresh ingredients, generous portions. Worth every penny.",ecommerce,4,positive,2026-02-04
386,Mobile app is basically unusable. Desktop only.,saas,1,negative,2026-01-23
387,"Clean UI design, very easy to navigate.",restaurant,4,positive,2026-01-28
388,Worth the premium subscription. Best investment.,mobile_app,4,positive,2026-02-05
389,Fast shipping! Arrived earlier than expected.,mobile_app,5,positive,2026-02-07
390,"Some features work great, others are buggy.",mobile_app,3,neutral,2026-02-14
391,Shipping took 3 weeks. Way too long.,ecommerce,2,negative,2026-01-22
392,"Acceptable for a quick bite, not for special occasions.",mobile_app,3,neutral,2026-01-20
393,Offline mode works flawlessly. Perfect for travel.,ecommerce,4,positive,2026-01-22
394,Love the new app update! Interface is so much cleaner now.,ecommerce,5,positive,2026-01-29
395,Uptime is excellent. Never had downtime issues.,saas,5,positive,2026-01-27
396,"Product is okay, customer service could be better.",ecommerce,3,neutral,2026-02-03
397,Easy return process. No questions asked.,saas,4,positive,2026-01-24
398,"Does what it promises. Nothing more, nothing less.",mobile_app,3,neutral,2026-02-09
399,Standard product. No surprises good or bad.,mobile_app,3,neutral,2026-01-20
400,Fast service without feeling rushed. Perfect for lunch meetings.,mobile_app,4,positive,2026-02-13
401,Terrible UI/UX. Takes forever to do simple tasks.,restaurant,2,negative,2026-01-19
402,Great value for money. Highly recommend!,saas,4,positive,2026-01-30
403,Could be better optimized for tablets.,restaurant,3,neutral,2026-02-11
404,Freezes constantly. Have to force quit multiple times.,mobile_app,2,negative,2026-01-28
405,Pricing is okay. Not sure if best value though.,ecommerce,3,neutral,2026-02-10
406,Latest update broke everything. Reverting to old version.,restaurant,1,negative,2026-02-06
407,Freezes constantly. Have to force quit multiple times.,restaurant,1,negative,2026-01-17
408,Scales well as our company grows.,ecommerce,4,positive,2026-01-24
409,Works fine but could use some improvements.,saas,3,neutral,2026-01-23
410,"Fresh ingredients, generous portions. Worth every penny.",mobile_app,5,positive,2026-01-19
411,Game changer for our team! Productivity increased significantly.,saas,4,positive,2026-02-05
412,Game changer for our team! Productivity increased significantly.,ecommerce,5,positive,2026-01-31
413,Interface is a bit dated but functional.,restaurant,3,neutral,2026-02-06
414,Learning curve is too steep. Team hates using it.,saas,1,negative,2026-02-02
415,Notifications don't work. Missing important updates.,mobile_app,2,negative,2026-01-24
416,Intuitive interface. Team adopted it with zero training.,ecommerce,4,positive,2026-02-06
417,Freezes constantly. Have to force quit multiple times.,ecommerce,2,negative,2026-01-18
418,Okay product. Gets the job done.,mobile_app,3,neutral,2026-01-27
419,Fast shipping! Arrived earlier than expected.,ecommerce,5,positive,2026-02-05
420,Menu hasn't changed in years. Getting very boring.,restaurant,2,negative,2026-01-29
421,"Some features work great, others are buggy.",mobile_app,3,neutral,2026-01-29
422,Billing charged us twice. Still waiting for refund.,saas,2,negative,2026-01-18
423,Customer support was amazing. Solved my issue in 5 minutes.,mobile_app,4,positive,2026-01-26
424,Too expensive for small businesses. Pricing is unfair.,saas,1,negative,2026-02-05
425,Drains battery like crazy. Phone dies in 3 hours.,ecommerce,1,negative,2026-01-28
426,Intuitive interface. Team adopted it with zero training.,saas,5,positive,2026-02-15
427,Great value for money. Highly recommend!,restaurant,5,positive,2026-01-19
428,Best customer success team. Always responsive.,saas,4,positive,2026-02-10
429,Drains battery like crazy. Phone dies in 3 hours.,restaurant,1,negative,2026-01-25
430,Customer service never responded to my emails.,restaurant,1,negative,2026-01-25
431,Perfect product! Exactly as described. Very satisfied.,saas,5,positive,2026-02-08
432,"Food was okay, nothing special. Average experience.",ecommerce,3,neutral,2026-01-30
433,Meets basic expectations.,mobile_app,3,neutral,2026-02-01
434,Shipping took 3 weeks. Way too long.,ecommerce,2,negative,2026-02-08
435,Functional but not user-friendly.,restaurant,3,neutral,2026-02-05
436,Way too expensive for what it offers. Not worth the money.,saas,2,negative,2026-01-27
437,"Free version is okay, not sure if premium is worth it.",restaurant,3,neutral,2026-02-08
438,Better than expected! Photos don't do it justice.,restaurant,4,positive,2026-02-06
439,Integration with other tools works seamlessly.,mobile_app,4,positive,2026-02-04
440,Terrible UI/UX. Takes forever to do simple tasks.,restaurant,1,negative,2026-02-07
441,Decent quality for the price point.,saas,3,neutral,2026-01-31
442,Mobile app is basically unusable. Desktop only.,mobile_app,2,negative,2026-02-06
443,Standard fare. Would go back if in the area.,restaurant,3,neutral,2026-01-25
444,Food arrived cold. Very disappointing for the price.,saas,1,negative,2026-02-05
445,Shipping took 3 weeks. Way too long.,ecommerce,2,negative,2026-02-16
446,Regular updates with features we actually need.,mobile_app,4,positive,2026-02-01
447,Mobile app is basically unusable. Desktop only.,restaurant,1,negative,2026-01-28
448,Customer support was amazing. Solved my issue in 5 minutes.,mobile_app,4,positive,2026-01-22
449,Easy return process. No questions asked.,saas,5,positive,2026-02-04
450,The tiramisu was heavenly! Best dessert in town.,restaurant,4,positive,2026-01-20
451,"Fresh ingredients, generous portions. Worth every penny.",saas,4,positive,2026-02-03
452,Good enough for now but looking at competitors.,mobile_app,3,neutral,2026-02-04
453,Not bad but not amazing either.,ecommerce,3,neutral,2026-01-20
454,Love the new app update! Interface is so much cleaner now.,ecommerce,5,positive,2026-01-18
455,Freezes constantly. Have to force quit multiple times.,saas,2,negative,2026-02-01
456,"Hit or miss. Some dishes great, others mediocre.",restaurant,3,neutral,2026-02-14
457,Mobile app is basically unusable. Desktop only.,saas,1,negative,2026-01-19
458,Billing charged us twice. Still waiting for refund.,saas,2,negative,2026-02-02
459,Fair pricing. Average delivery time.,ecommerce,3,neutral,2026-01-21
460,Decent app but competitors offer more features.,mobile_app,3,neutral,2026-01-27
461,Functional but not user-friendly.,mobile_app,3,neutral,2026-02-16
462,Portions are getting smaller while prices go up.,restaurant,2,negative,2026-02-08
463,Terrible UI/UX. Takes forever to do simple tasks.,ecommerce,1,negative,2026-02-07
464,Product broke after 2 weeks. Terrible quality.,mobile_app,2,negative,2026-01-24
465,"Acceptable for a quick bite, not for special occasions.",ecommerce,3,neutral,2026-01-27
466,Meets basic expectations.,ecommerce,3,neutral,2026-01-28
467,Freezes constantly. Have to force quit multiple times.,ecommerce,2,negative,2026-02-10
468,Love the new app update! Interface is so much cleaner now.,mobile_app,4,positive,2026-01-30
469,Average performance on older devices.,mobile_app,3,neutral,2026-02-11
470,Reservation system is broken. Total chaos at the entrance.,restaurant,1,negative,2026-01-22
471,Forced updates broke our workflows. Frustrating.,restaurant,1,negative,2026-01-25
472,Missing parts in the package. Incomplete order.,restaurant,2,negative,2026-01-26
473,Best productivity app I've ever used. Changed my workflow!,mobile_app,5,positive,2026-02-09
474,Missing basic features that competitors have.,saas,1,negative,2026-01-23
475,Packaging was secure. Product arrived in perfect condition.,restaurant,5,positive,2026-01-19
476,Best Italian food I've had in years. Will definitely return!,ecommerce,5,positive,2026-01-17
477,Color was completely different from website.,restaurant,1,negative,2026-02-15
478,Offline mode works flawlessly. Perfect for travel.,saas,4,positive,2026-02-02
479,Standard features. Nothing stands out.,ecommerce,3,neutral,2026-02-14
480,Okay product. Gets the job done.,mobile_app,3,neutral,2026-01-27
481,Color exactly matches the website photos.,restaurant,5,positive,2026-01-25
482,"Acceptable for a quick bite, not for special occasions.",saas,3,neutral,2026-02-14
483,No ads in premium version. Totally worth it.,mobile_app,5,positive,2026-02-13
484,Incredible wine selection. The sommelier's recommendations were spot on.,saas,5,positive,2026-01-28
485,Good location but food could be better.,restaurant,3,neutral,2026-01-22
486,Best customer success team. Always responsive.,ecommerce,4,positive,2026-02-07
487,Packaging was secure. Product arrived in perfect condition.,saas,4,positive,2026-02-07
488,Works fine but could use some improvements.,ecommerce,3,neutral,2026-02-14
489,Best customer success team. Always responsive.,ecommerce,5,positive,2026-02-02
490,"Hit or miss. Some dishes great, others mediocre.",ecommerce,3,neutral,2026-01-29
491,The ambiance was perfect for our anniversary. Highly recommend!,saas,4,positive,2026-02-10
492,Drains battery like crazy. Phone dies in 3 hours.,mobile_app,2,negative,2026-01-19
493,Freezes constantly. Have to force quit multiple times.,mobile_app,2,negative,2026-01-18
494,Not bad but not amazing either.,ecommerce,3,neutral,2026-01-31
495,Software crashes when handling large files. Unreliable.,ecommerce,2,negative,2026-01-20
496,Portions are getting smaller while prices go up.,restaurant,2,negative,2026-02-05
497,Best Italian food I've had in years. Will definitely return!,saas,4,positive,2026-02-07
498,Waited 45 minutes for our table despite having a reservation.,ecommerce,1,negative,2026-02-04
499,Standard fare. Would go back if in the area.,mobile_app,3,neutral,2026-02-03
500,Mobile app is basically unusable. Desktop only.,restaurant,2,negative,2026-01-25
